Country,StationName,WMOStationNumber,Unit,Jan,Feb,Mar,Apr,May,Jun,Jul,Aug,Sep,Oct,Nov,Decem
"AFGHANISTAN, ISLAMIC STATE OF",Faiz abad,40904,mm,49.4,65,91.9,97.9,77,8.2,5.8,1,1.5,23.4,29.7,34.1
"AFGHANISTAN, ISLAMIC STATE OF",Sheberghan,40908,mm,42.3,44.3,56.4,25.9,11.2,0.2,0,0,0.2,6.6,13.6,29.8
"AFGHANISTAN, ISLAMIC STATE OF",Mazar-i-Sharif,40911,mm,28.9,34.8,43.8,28.3,11.2,0.2,0,0,0.1,3.9,13.5,21.7
"AFGHANISTAN, ISLAMIC STATE OF",Kunduz,40913,mm,44,56.5,76.7,54.4,29.8,0.1,1.3,0.3,0.1,7.3,23.7,28.4
"AFGHANISTAN, ISLAMIC STATE OF",Maimana,40922,mm,49.9,60.5,82.2,60.5,25.6,1,0.5,0,0.2,9.6,20.9,44.7
"AFGHANISTAN, ISLAMIC STATE OF",North Salang,40930,mm,108.7,142,185.9,197.8,123.7,10,6.8,6.7,7.5,30.2,68.4,104.3
"AFGHANISTAN, ISLAMIC STATE OF",Jabulsaraj,40932,mm,60.7,88,107.6,97.2,29.8,1.4,3,2.1,3.3,10.7,21.2,37.2
"AFGHANISTAN, ISLAMIC STATE OF",Qalai naw,40937,mm,63.9,77,97.5,47.3,12.3,0,0,0,0.6,6.7,17.9,53.4
"AFGHANISTAN, ISLAMIC STATE OF",Herat,40938,mm,51.6,44.8,55.1,29.2,9.8,0,0,0,0,1.7,10.9,35.8
"AFGHANISTAN, ISLAMIC STATE OF",Chakhcharan,40942,mm,30.9,32.2,40,35.3,20.1,0.4,0.1,0.5,0,11,15.8,18.1
"AFGHANISTAN, ISLAMIC STATE OF",Bamiyan,40945,mm,8.3,15.7,27.4,29.8,26,5.7,1,0,3.1,4.2,7.5,4.3
"AFGHANISTAN, ISLAMIC STATE OF",Kabul,40948,mm,34.3,60.1,67.9,71.9,23.4,1,6.2,1.6,1.7,3.7,18.6,21.6
"AFGHANISTAN, ISLAMIC STATE OF",Jalal Abad,40954,mm,18.1,24.3,39.2,36.4,16,1.4,6.9,7.7,8.3,3.2,8.3,12.1
"AFGHANISTAN, ISLAMIC STATE OF",Ghazni,40968,mm,40.2,53.9,70.9,49.9,19.7,1.9,14.1,4.7,0.5,4.1,11.3,25.8
"AFGHANISTAN, ISLAMIC STATE OF",Gardiz,40970,mm,35.8,61.7,65.5,50.4,21.7,4.8,15.8,7.5,0.9,5.8,12.4,33.2
"AFGHANISTAN, ISLAMIC STATE OF",Khost,40971,mm,25.9,53.6,61.8,65.2,39.8,21.6,75.9,62,30.5,7.7,11.6,20.9
"AFGHANISTAN, ISLAMIC STATE OF",Farah,40974,mm,24.3,22.8,22.5,8.5,2,0,0,0,0.1,1.3,3.3,10.3
"AFGHANISTAN, ISLAMIC STATE OF",Trinkot,40977,mm,48.9,61.7,62.2,18.3,8,0,1.4,0,0,4.8,12.6,30.3
"AFGHANISTAN, ISLAMIC STATE OF",Zaranj,40986,mm,19.7,9.9,11.2,2.4,0.6,0,0,0,0,1.2,1.4,5.1
"AFGHANISTAN, ISLAMIC STATE OF",Bust,40988,mm,26.2,27.5,29.2,8.4,2.5,0,0.3,0.1,0,2,3.9,14.9
"AFGHANISTAN, ISLAMIC STATE OF",Kandahar,40990,mm,54,42,41.1,18.7,2.2,0,2.3,1,0,2.3,7,20
ALBANIA,VLORE,13600,mm,10.5,19.1,7.4,13.6,0.8,0.7,0,0,1.1,0.2,29.5,23.7
ALBANIA,VLORE,13600,mm,41.6,28.9,35.5,32.6,16.3,3.7,0.1,1.7,14.8,34.1,54.3,59.8
ALBANIA,VLORE,13600,mm,80.7,56,56.3,36,33,9.1,4.8,14,34.8,74,95.3,100.4
ALBANIA,VLORE,13600,mm,113.5,86.3,90.4,65.3,56.8,19.1,12.4,21.1,69.2,124.1,138.4,145
ALBANIA,VLORE,13600,mm,131.1,117.8,117.8,97.4,70.9,40.1,27.1,42,119.5,178,177.5,187.5
ALBANIA,VLORE,13600,mm,255.4,233.4,193.5,161.9,148.2,102.6,65.3,99,227.9,268,375.2,353
ALBANIA,KUKES,13610,mm,0.8,4.1,2.7,23.5,11.4,21.4,0,1.1,3,0,0.4,1.1
ALBANIA,KUKES,13610,mm,35.2,22.4,46.1,46,35.9,26.1,12.7,20,15.5,20.8,55.9,51.6
ALBANIA,KUKES,13610,mm,51.6,50.9,67.8,66,57,37.3,30.2,32.3,36.4,47.2,87.2,90.8
ALBANIA,KUKES,13610,mm,82.6,65.3,80.2,81.9,73,54.5,42.3,52.9,68.2,78.7,111.9,107.3
ALBANIA,KUKES,13610,mm,136.9,96.6,103.3,99.4,85.5,74.6,70.4,77.4,85.9,115,172,154.7
ALBANIA,KUKES,13610,mm,275.3,205.4,167.4,159.4,181.5,126.5,167.2,136.6,231,275.2,400.3,241
ALBANIA,TIRANE,13615,mm,2.4,18.6,14.4,26.9,7.2,4.6,0,0,11.5,0,17.1,21.4
ALBANIA,TIRANE,13615,mm,56.5,62.8,58.4,58.9,34.4,22.1,5,9.1,40.5,31.2,84,56.9
ALBANIA,TIRANE,13615,mm,77.2,86.5,83.7,78.6,50.8,50.5,20.2,27.6,51.1,55.8,108.6,106.7
ALBANIA,TIRANE,13615,mm,152.5,115.7,128.8,103.3,73.4,74.2,37.4,44.2,99.5,108.2,147.5,187.2
ALBANIA,TIRANE,13615,mm,206.9,159.4,167,150.3,157.2,114.2,48.3,58.7,133.2,168.5,232.2,211.7
ALBANIA,TIRANE,13615,mm,304.3,288.4,308.7,214.5,228.4,167.1,168.3,178.7,175.3,340.5,390.9,257.8
ALBANIA,SHKODER,13622,mm,0.3,32.1,21.4,29.2,4.3,8.7,0,4.8,6.6,0,17.9,46.3
ALBANIA,SHKODER,13622,mm,74.8,72.8,93.4,67,34.2,27.8,2.4,19.9,29.8,71.8,136.3,120
ALBANIA,SHKODER,13622,mm,171.8,129.6,132.7,97.5,59.4,44.8,22.6,36.5,83,157.5,220.9,213.4
ALBANIA,SHKODER,13622,mm,230.4,186.6,155.4,174,126.4,60.3,36.4,83.1,125.2,212.9,269.8,280.7
ALBANIA,SHKODER,13622,mm,311.2,261.2,227.6,241.3,168.6,109.4,55.4,99.5,303.5,285.6,375.4,367.9
ALBANIA,SHKODER,13622,mm,493.2,394.2,366.4,382.2,305.8,246.6,130.5,339.5,504,465.9,617.2,523.5
ALBANIA,GJIROKASTRA,13625,mm,0.1,40,10,8.7,15.7,1.3,0,0.2,0.8,0,68.5,95.3
ALBANIA,GJIROKASTRA,13625,mm,65.9,111.6,76.2,57.6,35.3,11.4,1.3,10.4,19.9,45.9,131.1,174.3
ALBANIA,GJIROKASTRA,13625,mm,166.8,154.2,133.1,84.6,49.4,22.5,8,15.5,63.2,154.7,233.2,259.3
ALBANIA,GJIROKASTRA,13625,mm,289.4,239.3,166.5,107.4,61.4,31.9,19.3,30.8,94.2,196.5,350.8,375.9
ALBANIA,GJIROKASTRA,13625,mm,376.2,284.8,270.3,151.9,98.8,43.1,32.8,48.8,119.3,231.1,442.3,465.8
ALBANIA,GJIROKASTRA,13625,mm,633.7,741.3,349.1,311.1,201.5,92.1,57.6,103.6,206.5,455.3,857.7,702.9
ALBANIA,KORCE,13629,mm,2.1,12,16.1,14.5,13.5,12.7,0,0.2,10.3,0,27.1,6.7
ALBANIA,KORCE,13629,mm,31.7,28.4,35.2,37,29.8,16.7,1.3,10.2,13,24.2,53.1,53.9
ALBANIA,KORCE,13629,mm,45,44,55.7,43.3,53.3,32.3,14.8,18.5,31.5,53.7,65.9,81.3
ALBANIA,KORCE,13629,mm,75.4,68.9,77.7,52.7,81.3,44.7,42.4,36.3,39.9,80.1,90.7,109.8
ALBANIA,KORCE,13629,mm,105.2,91.8,87.7,81.9,95.7,57.9,52.1,44.9,70.3,108.4,152,144.6
ALBANIA,KORCE,13629,mm,191.9,214.6,111.8,150.6,160.2,146.8,152.3,110.6,117.1,191,254.7,209.3
ALEX,SKIKDA,60355,mm,115.3,94,75.6,60.8,29.9,13.1,2.9,9.7,30.1,75,99.2,123
ALEX,SKIKDA,60355,mm,20.6,0.6,17.2,7.8,1.8,0,0,0,0,3.9,5.7,21.5
ALEX,SKIKDA,60355,mm,52.1,45,33.2,28.1,11.6,2.2,0,0.9,10.4,27.3,47.6,50.8
ALEX,SKIKDA,60355,mm,109.2,76.7,59.1,44.2,22.9,7.6,0.6,2.1,23.3,62.9,72.8,79.8
ALEX,SKIKDA,60355,mm,134.2,96.9,86.9,60.9,31.8,17.3,1.6,5.3,33.8,88.6,117.5,122.6
ALEX,SKIKDA,60355,mm,158,125,100.4,84.1,44.3,21.8,5.8,16.7,50.3,99,149.6,186
ALEX,SKIKDA,60355,mm,218.6,246.3,172.5,181,81.5,34.9,13,45.9,81.5,186.5,231.8,347.5
ALEX,ANNABA (Les Salines),60360,mm,92.7,74.9,67.7,50.1,30.7,14.8,2.8,8,30,71.7,74.4,95.5
ALEX,ANNABA (Les Salines),60360,mm,15.1,4.1,11.8,5.5,0,0,0,0,1.5,6.5,4.2,14.8
ALEX,ANNABA (Les Salines),60360,mm,42.7,41.8,35.6,19.3,15,1.8,0,1.2,10.1,26,37.5,42.3
ALEX,ANNABA (Les Salines),60360,mm,75.1,59.1,48.5,36.6,22.8,7,0.1,3,19,40.2,47.9,63.6
ALEX,ANNABA (Les Salines),60360,mm,103.5,78,70.4,45.1,33.3,15.2,1.5,5.1,27.4,67.5,78.3,110.7
ALEX,ANNABA (Les Salines),60360,mm,130.5,121.6,92.3,73.6,49.1,30.4,3.9,15.7,54.2,122,128,144.5
ALEX,ANNABA (Les Salines),60360,mm,226.7,161.8,223.5,175.1,68.5,41.5,18.5,43.1,89.1,271.2,172.9,230.9
ALEX,ALGER ( dar el beida ),60390,mm,80,81.8,73.4,61.1,39.9,16.7,4.6,7.4,34.2,76,96.4,115.2
ALEX,ALGER ( dar el beida ),60390,mm,3.7,0,8,0.4,0,0,0,0,0,0,10,9.9
ALEX,ALGER ( dar el beida ),60390,mm,40.9,29.6,27.2,26,5.1,2.5,0,0.2,2.9,25.9,36.4,58
ALEX,ALGER ( dar el beida ),60390,mm,59.4,56.6,48.2,42.8,13.8,8.4,0.2,0.8,11.1,39.8,69.3,76.8
ALEX,ALGER ( dar el beida ),60390,mm,95.6,87.3,81.9,63.9,40.2,14.9,1.2,3.4,24.3,90.1,91.4,117
ALEX,ALGER ( dar el beida ),60390,mm,123.5,114,110.9,94.3,84.6,24.2,6.1,13.7,64.1,134.5,167.2,187.5
ALEX,ALGER ( dar el beida ),60390,mm,173.2,346.1,219.9,195.1,124.2,71.3,42.3,40.3,158,253.2,219.1,253
ALEX,BEJAIA,60402,mm,99.7,85.9,100.4,70.7,41.2,16.2,5.8,13,40.4,89.5,99.7,135
ALEX,BEJAIA,60402,mm,11.2,0,34.1,15,0.3,0.1,0,0,1,0.9,2.8,10.1
ALEX,BEJAIA,60402,mm,43.3,29.8,49.5,28.8,13.3,1.2,0.3,1.7,3.4,41.6,47.6,28.4
ALEX,BEJAIA,60402,mm,62.1,54.9,73.9,43.3,25,6.4,1.2,3.4,22.4,51.3,70.9,69
ALEX,BEJAIA,60402,mm,98.5,91.5,101.7,74.5,47.1,17,3.8,7.9,41.8,84.7,102.2,139.9
ALEX,BEJAIA,60402,mm,130.8,130.7,127.9,107.6,65.7,26.6,7.1,24.4,72.6,120,139.7,224.1
ALEX,BEJAIA,60402,mm,299.1,230,252.9,215.6,89.7,54.4,47.3,47,106,262.5,228.8,386.2
ALEX,CONSTANTINE (Ain El Bey),60419,mm,66.6,58.3,61.8,53.2,41.5,20.9,8.9,12.2,36.4,38.4,43.5,71.1
ALEX,CONSTANTINE (Ain El Bey),60419,mm,12.1,0,15.5,6.8,0.4,1.1,0,1.4,0.1,0,0,5
ALEX,CONSTANTINE (Ain El Bey),60419,mm,25,28.4,33.9,23.1,12,3.6,0.3,3,9.5,10.7,15.8,23.8
ALEX,CONSTANTINE (Ain El Bey),60419,mm,47.2,44.3,50.9,39.3,29,10,2.3,5.1,22.9,30.5,26.7,36.1
ALEX,CONSTANTINE (Ain El Bey),60419,mm,69,61.9,64.1,50.7,43.7,13.9,6.3,10.8,39,44.3,41.3,76.1
ALEX,CONSTANTINE (Ain El Bey),60419,mm,108.5,84.1,88.3,77.2,69.4,39.7,15,23.5,57.7,56.4,71.9,106
ALEX,CONSTANTINE (Ain El Bey),60419,mm,190.7,164.3,157.4,191.8,125,91,48.7,40.9,109.1,115,142.2,328.1
ALEX,ALEX,60425,mm,43.4,56.7,39.3,39.9,34,10.5,1.8,6,11.5,51.3,53,61.9
ALEX,ALEX,60425,mm,0,0,2.3,0.7,0,0,0,0,0,0,0,7.2
ALEX,ALEX,60425,mm,21,14.3,15.8,19.7,6.8,1,0,0,1.3,11.9,25.3,35.1
ALEX,ALEX,60425,mm,38.3,46.1,34.1,27.9,20.7,5.4,0,0.1,5.9,35.1,37.3,49.7
ALEX,ALEX,60425,mm,44.9,57.1,40.8,39.9,34.3,9.3,0.4,1.1,11.5,51.3,54.1,70.3
ALEX,ALEX,60425,mm,54.8,96.8,56.2,54.1,56.9,17,2.1,6,18.5,74.5,81,87.3
ALEX,ALEX,60425,mm,108.5,141.2,115.6,138.2,123.4,56.1,23.3,75.8,52,254.9,172.3,128.6
ALEX,MILIANA,60430,mm,120.5,124,112.3,71.3,47.9,16.8,5.8,7.1,29.6,68.9,103.3,119.8
ALEX,MILIANA,60430,mm,2.1,0,34.6,1.4,0.1,0,0,0,0,2.7,0,1.2
ALEX,MILIANA,60430,mm,47.3,34.5,52.6,33.3,9,5.6,0,0.4,7.9,10.3,50.3,64.4
ALEX,MILIANA,60430,mm,95.1,101.4,69.3,54.6,31,13.9,1.4,3.2,16.6,24.6,85.3,94.1
ALEX,MILIANA,60430,mm,128.8,127.3,99,84.5,52.5,17.3,2.6,6.6,30.9,71.9,96.9,119.3
ALEX,MILIANA,60430,mm,168,206.1,144.1,98.9,82.8,22.9,7.3,9.4,39.8,123.1,105.9,145.2
ALEX,MILIANA,60430,mm,387,281.9,338,173.6,119,41.7,41.2,23.3,119.9,194.6,308.5,312.1
ALEX,BATNA,60468,mm,24.9,29.3,38,31.7,32,20.1,7.5,17.7,37.3,27.3,31.7,28.7
ALEX,BATNA,60468,mm,0.4,0,12.7,5.9,1.6,0,0,0.2,3.1,0.6,0.9,1.2
ALEX,BATNA,60468,mm,4.2,12.4,16,16.4,5.1,4.3,0,4.4,10,4.4,7.6,6.2
ALEX,BATNA,60468,mm,14.3,18.8,21.2,23.2,13.1,12.8,0.4,8.6,24.3,17.9,19.2,15.9
ALEX,BATNA,60468,mm,25.8,30.4,35.7,27,28.2,17,1.5,16.3,41.8,29.1,24.2,27.5
ALEX,BATNA,60468,mm,41.1,40,49.2,39.7,53.2,27.5,2.3,24.7,55.3,40,54.4,49.7
ALEX,BATNA,60468,mm,60.6,95.3,110.4,78,102.8,56.7,90.1,85.9,90.3,72.9,94.2,73.7
ALEX,TEBESSA,60475,mm,27.1,30.3,44.8,30.6,36.5,31.2,11.3,25.1,29.4,23.6,29,23.6
ALEX,TEBESSA,60475,mm,3.1,0,7.9,2.9,0,0,0,0,0,0,0,0
ALEX,TEBESSA,60475,mm,13.7,7.2,21.2,14.3,13.5,4.9,0.1,4.3,9.9,10.6,4.7,7.8
ALEX,TEBESSA,60475,mm,20,21.5,34.2,22.4,31.5,16.2,3.7,10.7,22.8,18.6,17.4,11.5
ALEX,TEBESSA,60475,mm,24.7,28.3,40.1,29.7,39.2,27.5,11.5,15.5,29.7,23.2,27,20.2
ALEX,TEBESSA,60475,mm,32.9,45.7,58.6,41.8,60.4,58.2,20,40.4,41.8,27.5,46,39.4
ALEX,TEBESSA,60475,mm,89,103.8,171.1,93.1,83.2,117.9,57.7,136.6,112.7,107,134.5,94.4
ALEX,ORAN ( es senia ),60490,mm,47.2,45.5,43.6,43.3,29.5,8.4,1.7,1.9,12.5,31.1,43.9,61.6
ALEX,ORAN ( es senia ),60490,mm,0,0,3.3,1.3,0.1,0,0,0,0,0,0.3,0
ALEX,ORAN ( es senia ),60490,mm,14.4,8.1,15,14.9,5.1,0.8,0,0,1.2,5.7,14.5,21.9
ALEX,ORAN ( es senia ),60490,mm,34.1,32.3,24.6,23.5,11.6,3.6,0.1,0.1,7.4,15.6,22.4,32.1
ALEX,ORAN ( es senia ),60490,mm,47.7,57.6,52.2,37.5,24.3,6.7,0.3,0.3,14.7,32.9,45.3,55.3
ALEX,ORAN ( es senia ),60490,mm,82.1,74.6,70.5,64.6,53.4,13.9,1,4.4,22.6,49.1,77.8,101.7
ALEX,ORAN ( es senia ),60490,mm,120.1,143.8,125.7,159.5,147.7,36.1,29.2,13.5,40.4,170.8,142.8,188.9
ALEX,BISKRA,60525,mm,12.1,8.6,12,10.4,12.7,5.9,1.9,6.1,23.1,16,18.5,7.3
ALEX,BISKRA,60525,mm,0,0,0,0.2,0,0,0,0,0,0,0,0
ALEX,BISKRA,60525,mm,0.7,0.8,1.7,2.1,1.2,0,0,0,0.3,0.6,1.6,0.2
ALEX,BISKRA,60525,mm,3.2,4,5.8,4.7,4.4,2,0,0.4,3.1,3.4,7.4,4.1
ALEX,BISKRA,60525,mm,9.1,8.2,10.2,10.5,8.5,4.5,0,2.1,6.5,11.3,18.5,7.9
ALEX,BISKRA,60525,mm,18.3,13.6,21.2,19.8,24.1,11.5,1.2,9,25.4,22.3,29.8,12.1
ALEX,BISKRA,60525,mm,87.1,36.5,49,36.9,57.3,24.2,34.4,33.7,297.5,145.9,73.9,29.6
ALEX,DJELFA,60535,mm,33.4,32.4,38.1,30.8,36.1,29.7,9.4,18.6,25.7,25.1,37.2,30.9
ALEX,DJELFA,60535,mm,0,0.3,1.7,1.3,1.7,4.6,0,0.5,0,2.5,0.7,1.1
ALEX,DJELFA,60535,mm,8.2,7.7,13.6,14.3,8.1,10.6,0.8,3.3,3.9,4,16.8,13.4
ALEX,DJELFA,60535,mm,18,25.4,20.7,21.1,21.5,16.3,1.5,8.5,12.8,10.6,24.4,24.5
ALEX,DJELFA,60535,mm,31.8,41.1,37.1,28.9,43.4,25.9,5.9,16.3,24,27.5,43.7,33
ALEX,DJELFA,60535,mm,48.6,49.3,69.5,38.1,61.3,53,11,28.6,39.1,43.8,54.1,36.8
ALEX,DJELFA,60535,mm,117.1,66,78,71.3,84.4,74.4,47.2,72.4,72.9,66.3,79.8,97.1
ALEX,EL OUED ( guemmar ),60559,mm,10.7,9.3,9.9,7,5.6,2,0.1,1.1,5.3,7.8,9.4,7
ALEX,EL OUED ( guemmar ),60559,mm,0,0,0,0,0,0,0,0,0,0,0,0
ALEX,EL OUED ( guemmar ),60559,mm,0.7,0.6,1.8,0.2,0,0,0,0,0,0.4,0.1,0.3
ALEX,EL OUED ( guemmar ),60559,mm,2.2,1.5,4.4,1.8,0.5,0.5,0,0,0.6,0.6,3.7,1.7
ALEX,EL OUED ( guemmar ),60559,mm,7,4.5,7.1,4.2,3.8,0.9,0,0,1.9,4.5,8.2,4.8
ALEX,EL OUED ( guemmar ),60559,mm,13.7,15.9,13.3,8.4,6.6,1.9,0.1,0.6,6.9,16.8,18.6,7.2
ALEX,EL OUED ( guemmar ),60559,mm,78.8,50.6,48.7,36.1,43.3,14.2,1.5,11,32.6,39.4,25.9,53.8
ALEX,GHARDAIA,60566,mm,7.9,4.7,6.6,7.4,4.4,2.3,0.3,1.1,4.8,7.1,12.1,3
ALEX,GHARDAIA,60566,mm,0,0,0,0,0,0,0,0,0,0,0,0
ALEX,GHARDAIA,60566,mm,0,0,0,0,0,0,0,0,0,0,0,0
ALEX,GHARDAIA,60566,mm,0.4,0.2,0.4,0.9,1,0,0,0,1.2,0.6,3.2,0
ALEX,GHARDAIA,60566,mm,6.8,2.9,4.2,5.7,4.2,2.1,0,0,4.4,5.6,9.1,1.1
ALEX,GHARDAIA,60566,mm,9.3,8.5,8.6,10,7.5,4.1,0.4,1.6,9,8.5,16,3.8
ALEX,GHARDAIA,60566,mm,47.5,23.9,40.7,57.9,15.9,11.9,3.8,8.6,18.5,55.5,101.4,26.9
ALEX,BECHAR,60571,mm,10.2,8,6.2,9.7,6.6,2.4,0.9,1.9,5.9,10.1,10.8,8.7
ALEX,BECHAR,60571,mm,0,0,0,0,0,0,0,0,0,0,0,0
ALEX,BECHAR,60571,mm,0,0.5,0,0.1,0.1,0,0,0,0.9,0,1,0
ALEX,BECHAR,60571,mm,1.3,2.3,0.8,1.6,0.6,0.3,0,0,1.8,0.6,2.3,1.6
ALEX,BECHAR,60571,mm,7.2,6.7,3.3,10.1,3.7,0.9,0.1,0.5,3.4,3.6,10.1,7.1
ALEX,BECHAR,60571,mm,18.5,14.9,11,19.4,19.2,4.4,1.4,1.8,11.5,10.8,20.5,12.8
ALEX,BECHAR,60571,mm,79.6,53.1,28.6,46.8,30.5,23.7,7,20.8,22.6,99,41.9,58.3
ALEX,HASSI MESSAOUD,60581,mm,7,4.4,7.9,3.7,2.3,0.9,0.8,0.8,1.9,4.8,4.9,4.4
ALEX,HASSI MESSAOUD,60581,mm,0,0,0,0,0,0,0,0,0,0,0,0
ALEX,HASSI MESSAOUD,60581,mm,0,0,0,0,0,0,0,0,0,0,0,0
ALEX,HASSI MESSAOUD,60581,mm,0.8,0.1,1,0,0,0,0,0,0,0.1,0.8,0.1
ALEX,HASSI MESSAOUD,60581,mm,5.1,2.3,5.9,0.9,0,0,0,0,0,1.2,3.8,0.6
ALEX,HASSI MESSAOUD,60581,mm,11.5,6.5,12.5,4.2,4.5,0.7,0,0,1.6,5.4,10.8,7.7
ALEX,HASSI MESSAOUD,60581,mm,59.2,26,40.7,26.8,13.3,15.5,22.8,23.8,19.4,43.6,22.5,29.6
ALEX,EL GOLEA,60590,mm,4.8,2.4,5.3,1.7,1.9,0.7,0.1,0.2,1,2.5,5.4,6.2
ALEX,EL GOLEA,60590,mm,0,0,0,0,0,0,0,0,0,0,0,0
ALEX,EL GOLEA,60590,mm,0,0,0,0,0,0,0,0,0,0,0,0
ALEX,EL GOLEA,60590,mm,0,0.1,0.7,0,0,0,0,0,0,0,0.6,0.1
ALEX,EL GOLEA,60590,mm,1.5,1.3,2.1,0.7,0.6,0,0,0,0.1,1,1.8,0.9
ALEX,EL GOLEA,60590,mm,5.4,3.6,7.8,3.1,1.3,0.3,0,0,2.1,5.9,6.9,6
ALEX,EL GOLEA,60590,mm,46.8,18,39.5,12.8,16.9,11.4,1.4,3.6,8.9,15.8,45,105.9
ALEX,BENI ABBES,60602,mm,3.1,1.9,1.6,2.4,2.3,0.4,0.5,1.1,1.9,8.6,6.7,6.1
ALEX,BENI ABBES,60602,mm,0,0,0,0,0,0,0,0,0,0,0,0
ALEX,BENI ABBES,60602,mm,0,0,0,0,0,0,0,0,0,0,0,0
ALEX,BENI ABBES,60602,mm,0,0,0,0.2,0,0,0,0,0.1,0,1.5,0.3
ALEX,BENI ABBES,60602,mm,0.2,1.4,0.2,0.6,0.3,0,0,0,1.4,2.4,5.9,3.6
ALEX,BENI ABBES,60602,mm,3.3,2.7,1.7,3.3,1.8,0.4,0.4,0.6,2.5,6.9,10.1,7.4
ALEX,BENI ABBES,60602,mm,24.2,9.1,15.1,18.7,14.4,4.2,6,9.8,8.7,71,40.9,28.7
ALEX,TIMIMOUN,60607,mm,2.2,1.8,2.3,2.2,1.4,0.1,0,0.2,0.6,2.6,0.9,1.7
ALEX,TIMIMOUN,60607,mm,0,0,0,0,0,0,0,0,0,0,0,0
ALEX,TIMIMOUN,60607,mm,0,0,0,0,0,0,0,0,0,0,0,0
ALEX,TIMIMOUN,60607,mm,0,0,0,0,0,0,0,0,0,0,0,0
ALEX,TIMIMOUN,60607,mm,0.3,0,0.9,0.2,0,0,0,0,0,1.5,0.2,0
ALEX,TIMIMOUN,60607,mm,1.8,1.1,1.9,1.4,0,0,0,0,0.5,2.9,1.2,1.4
ALEX,TIMIMOUN,60607,mm,16.4,14.1,27.3,32.5,29.5,2.1,0.1,3.2,4.7,27,8,17.4
ALEX,IN AMENAS,60611,mm,2.5,1.5,3.7,1.2,2,1.3,0,0.5,1.1,3.7,2.4,3.3
ALEX,IN AMENAS,60611,mm,0,0,0,0,0,0,0,0,0,0,0,0
ALEX,IN AMENAS,60611,mm,0,0,0,0,0,0,0,0,0,0,0,0
ALEX,IN AMENAS,60611,mm,0,0,0,0,0,0,0,0,0,0,0,0
ALEX,IN AMENAS,60611,mm,0,0.3,1,0,0.7,0,0,0,0,1.4,0.3,0.9
ALEX,IN AMENAS,60611,mm,3,1.6,4.7,1.2,3.6,0.4,0,0,0.6,4.5,2.9,3.8
ALEX,IN AMENAS,60611,mm,19.6,20.2,34.6,14.5,17.4,24.4,0.2,13.7,10.6,29,22.9,39.6
ALEX,ADRAR,60620,mm,2.3,1.3,2.6,4.1,0.3,0.1,0,0.2,0.2,1.5,0.6,1.4
ALEX,ADRAR,60620,mm,0,0,0,0,0,0,0,0,0,0,0,0
ALEX,ADRAR,60620,mm,0,0,0,0,0,0,0,0,0,0,0,0
ALEX,ADRAR,60620,mm,0,0,0,0,0,0,0,0,0,0,0,0
ALEX,ADRAR,60620,mm,0,0.2,0,0,0,0,0,0,0,0,0,0
ALEX,ADRAR,60620,mm,1.3,1.5,1,0.8,0,0,0,0,0.4,1.6,0.4,1
ALEX,ADRAR,60620,mm,34.9,10,28,84.2,6.8,1.4,0.1,2.3,2.1,22.3,5.3,16
ALEX,IN SALAH,60630,mm,3.7,3.5,1.2,1.6,0.5,0.1,0,0.5,0.2,1.2,0.5,2.7
ALEX,IN SALAH,60630,mm,0,0,0,0,0,0,0,0,0,0,0,0
ALEX,IN SALAH,60630,mm,0,0,0,0,0,0,0,0,0,0,0,0
ALEX,IN SALAH,60630,mm,0,0,0,0,0,0,0,0,0,0,0,0
ALEX,IN SALAH,60630,mm,0,0.3,0.3,0,0,0,0,0,0,0,0,0
ALEX,IN SALAH,60630,mm,3,3.3,1.8,0.3,0.4,0,0,0.2,0.1,0.3,0.2,0.9
ALEX,IN SALAH,60630,mm,36,39.3,7.1,25,9,1.1,1.1,6,1.2,12.9,5.5,34
ALEX,DJANET,60670,mm,0.6,1.3,2.5,1.1,1.1,1.8,0.1,0.2,2,2,0.5,1.5
ALEX,DJANET,60670,mm,0,0,0,0,0,0,0,0,0,0,0,0
ALEX,DJANET,60670,mm,0,0,0,0,0,0,0,0,0,0,0,0
ALEX,DJANET,60670,mm,0,0,0,0,0,0,0,0,0,0,0,0
ALEX,DJANET,60670,mm,0,0,0.3,0.1,0.9,0,0,0,1.7,1.1,0,0
ALEX,DJANET,60670,mm,0,0,1.8,1.8,2.5,1.3,0,0,3.6,3.5,0.4,1.6
ALEX,DJANET,60670,mm,4.2,20.4,37,8.7,3.8,16.3,1.7,2.3,8.1,11.4,4.3,19
ALEX,TAMANRASSET,60680,mm,1.2,1.3,2.6,1.8,6.2,3.9,4.8,5.6,8.3,3.2,2.1,1.8
ALEX,TAMANRASSET,60680,mm,0,0,0,0,0,0,0,0,0,0,0,0
ALEX,TAMANRASSET,60680,mm,0,0,0,0,0,0,0,0,0.3,0,0,0
ALEX,TAMANRASSET,60680,mm,0,0,0,0,0.2,0.5,0.5,0.5,0.9,0.1,0,0
ALEX,TAMANRASSET,60680,mm,0,0,0,0.2,1.6,2.8,1.7,1.9,4.7,0.8,0,0.1
ALEX,TAMANRASSET,60680,mm,0,0.1,1.6,2.7,5.5,5.8,9.2,6.8,20.1,4.2,0.6,2.2
ALEX,TAMANRASSET,60680,mm,35.5,16.9,52,17.5,77.2,26.1,34.2,66.7,51.1,36.8,33.6,31.3
ARGENTINA,VILLA DOLORES AERO,87328,mm,119.1,91.3,75.6,35.1,11.2,9.9,10.5,8.1,25.5,38.7,66.8,118.4
ARGENTINA,VILLA DOLORES AERO,87328,mm,56.4,24,6.3,345,0,0,0,0,0,0,11.3,46.5
ARGENTINA,VILLA DOLORES AERO,87328,mm,1974,1971,1976,1975,1972,1966,1964,1963,1962,1969,1970,1971
ARGENTINA,VILLA DOLORES AERO,87328,mm,330.7,180.2,223.8,107.3,52.7,55,114.2,54.4,98.1,113.8,124.7,248.8
ARGENTINA,VILLA DOLORES AERO,87328,mm,1981,1980,1973,1980,1974,1979,1985,1965,1972,1961,1979,1988
ARGENTINA,VILLA DOLORES AERO,87328,mm,30,29,30,30,30,30,30,30,30,30,30,29
ARGENTINA,CORDOBA AERO,87344,mm,133.3,109.7,116.1,51.1,21.5,11.8,14.3,11.4,38.2,73.1,107.3,148.7
ARGENTINA,CORDOBA AERO,87344,mm,45,20.2,19.1,4.2,0.3,0,0,0,0,6.1,33.7,31.5
ARGENTINA,CORDOBA AERO,87344,mm,1980,1962,1965,1970,1986,1961,1964,1961,1962,1969,1977,1975
ARGENTINA,CORDOBA AERO,87344,mm,302.4,209.7,257.3,199.8,133.4,48.9,124.4,42.4,153.3,187.9,260.5,296.1
ARGENTINA,CORDOBA AERO,87344,mm,1981,1980,1973,1981,1961,1968,1985,1975,1967,1961,1976,1977
ARGENTINA,CORDOBA AERO,87344,mm,30,30,30,30,30,30,30,30,30,30,30,30
ARGENTINA,CORDOBA OBS,87345,mm,121.7,99.8,110.3,52.2,18.9,11.4,12.8,9.7,33.8,66.4,96.6,136.9
ARGENTINA,CORDOBA OBS,87345,mm,24.2,20.8,5.9,1.1,0.4,0,0,0,0,11.3,29.2,33.3
ARGENTINA,CORDOBA OBS,87345,mm,1980,1962,1979,1970,1986,1961,1964,1966,1962,1975,1977,1975
ARGENTINA,CORDOBA OBS,87345,mm,311.5,169.9,324.5,263.5,79.5,58.1,111.4,40,161.9,192.7,224.9,286.8
ARGENTINA,CORDOBA OBS,87345,mm,1979,1974,1975,1981,1961,1968,1985,1968,1978,1964,1966,1977
ARGENTINA,CORDOBA OBS,87345,mm,30,29,30,30,30,30,30,30,30,30,30,30
ARGENTINA,PILAR OBS,87349,mm,137.7,104.2,100.2,52.3,17.9,13,15.9,9.2,39.7,63.4,94.3,143.5
ARGENTINA,PILAR OBS,87349,mm,25.2,32.9,17.1,4.7,356,0,0,0,0,10,16.4,24.9
ARGENTINA,PILAR OBS,87349,mm,1980,1964,1979,1962,1978,1962,1961,1966,1966,1971,1971,1982
ARGENTINA,PILAR OBS,87349,mm,281.5,208.4,249.4,198.2,74.6,68.7,117.1,41.3,147.2,174.6,206.5,442.4
ARGENTINA,PILAR OBS,87349,mm,1983,1983,1978,1981,1987,1979,1985,1976,1978,1977,1979,1977
ARGENTINA,PILAR OBS,87349,mm,30,30,30,30,30,30,30,30,30,29,30,30
ARGENTINA,RAFAELA INTA,87359,mm,121.1,130.1,150.5,82,42,24,23.6,24.6,57.1,82.8,102.8,118.8
ARGENTINA,RAFAELA INTA,87359,mm,16,32.4,14.2,5.4,1.7,0,0,0,3.2,15,20.3,7.6
ARGENTINA,RAFAELA INTA,87359,mm,1979,1967,1965,1988,1990,1962,1964,1966,1989,1971,1962,1975
ARGENTINA,RAFAELA INTA,87359,mm,410.1,471.2,402.4,286.6,125.8,114.1,72.4,106.8,246.9,235.5,257.1,349.5
ARGENTINA,RAFAELA INTA,87359,mm,1981,1973,1977,1981,1986,1985,1985,1967,1972,1977,1986,1977
ARGENTINA,RAFAELA INTA,87359,mm,28,29,28,28,28,28,28,28,27,28,27,27
ARGENTINA,PARANA AERO,87374,mm,126.3,127,155.9,101.6,51.6,34,33.6,35.6,69.1,106.4,115.1,112.9
ARGENTINA,PARANA AERO,87374,mm,10.1,39.6,27.6,5.1,234,345,0,234,3,16.1,30.5,20.3
ARGENTINA,PARANA AERO,87374,mm,1980,1986,1965,1968,1988,1987,1964,1973,1976,1964,1967,1975
ARGENTINA,PARANA AERO,87374,mm,347,383.4,371.3,312.8,220.5,93.1,83,169.2,247,326.7,312.7,364.6
ARGENTINA,PARANA AERO,87374,mm,1978,1973,1978,1986,1981,1973,1985,1967,1972,1967,1979,1965
ARGENTINA,PARANA AERO,87374,mm,30,30,30,30,30,30,30,30,29,30,30,30
ARGENTINA,MONTE CASEROS AERO,87393,mm,142.4,160.1,158.2,137.5,103.3,71.6,80.8,69,103.8,140.3,145.6,129.8
ARGENTINA,MONTE CASEROS AERO,87393,mm,8.5,11.5,22.2,24,0.5,13.7,1.6,11.4,13.7,35.6,16.7,32.2
ARGENTINA,MONTE CASEROS AERO,87393,mm,1980,1989,1973,1962,1964,1979,1964,1961,1976,1975,1970,1985
ARGENTINA,MONTE CASEROS AERO,87393,mm,429.8,432.9,355.7,413.3,310.3,168.3,278,218,316,352.7,391.9,379.1
ARGENTINA,MONTE CASEROS AERO,87393,mm,1988,1973,1975,1973,1983,1975,1977,1972,1982,1963,1986,1965
ARGENTINA,ALEX,87393,mm,30,30,30,30,30,30,30,30,30,30,30,30
ARGENTINA,CONCORDIA AERO,87395,mm,121.9,140.1,154.6,132.4,101.4,79,73.9,73.4,100.4,122.3,140.3,115.7
ARGENTINA,CONCORDIA AERO,87395,mm,7.2,6.8,29.1,15,0.9,12.1,10.4,8.2,6.8,12.4,19,21
ARGENTINA,CONCORDIA AERO,87395,mm,1980,1965,1982,1974,1988,1987,1990,1966,1989,1964,1970,1986
ARGENTINA,CONCORDIA AERO,87395,mm,377.6,404.4,351.3,322.5,313.9,408.2,174.1,193,232.9,337.7,326.3,354.3
ARGENTINA,CONCORDIA AERO,87395,mm,1971,1984,1990,1973,1974,1967,1973,1967,1978,1967,1986,1965
ARGENTINA,CONCORDIA AERO,87395,mm,28,28,28,28,28,28,28,27,27,28,28,28
ARGENTINA,MENDOZA AERO,87418,mm,36.4,34.1,27.3,12.7,5.9,4.1,6.7,3.3,7.8,11.1,15.9,24.4
ARGENTINA,MENDOZA AERO,87418,mm,1973,1973,1965,1967,1963,1961,1964,1961,1962,1962,1970,1971
ARGENTINA,MENDOZA AERO,87418,mm,122.9,134.8,148.4,79,32.4,31.2,43.2,21.8,35.8,54.4,78,78.8
ARGENTINA,MENDOZA AERO,87418,mm,1977,1988,1984,1961,1961,1979,1985,1983,1982,1964,1985,1977
ARGENTINA,MENDOZA AERO,87418,mm,30,30,30,30,30,30,30,30,30,30,30,30
ARGENTINA,MENDOZA OBS,87420,mm,37.6,43,31.4,12.9,8,6.1,8.3,4.8,12.1,17.5,20.6,28.8
ARGENTINA,MENDOZA OBS,87420,mm,1973,1972,1965,1967,1963,1966,1968,1970,1980,1965,1969,1965
ARGENTINA,MENDOZA OBS,87420,mm,89.9,175,117.9,74.7,34.7,37,48.3,19.5,52.4,88.6,75,86.8
ARGENTINA,MENDOZA OBS,87420,mm,1970,1990,1973,1981,1975,1979,1985,1971,1982,1968,1976,1983
ARGENTINA,MENDOZA OBS,87420,mm,30,30,30,30,30,30,30,29,30,30,30,30
ARGENTINA,SAN LUIS AERO,87436,mm,109.7,86.9,91.2,42.2,11.6,8.9,10.8,8.1,19.2,35.9,77.4,101.3
ARGENTINA,SAN LUIS AERO,87436,mm,31.3,29.2,13.5,0,0,0,0,0,0,0.5,14.3,0.8
ARGENTINA,SAN LUIS AERO,87436,mm,1968,1981,1983,1967,1963,1962,1961,1964,1962,1988,1971,1971
ARGENTINA,SAN LUIS AERO,87436,mm,212.6,215.6,198.3,148.2,62.2,75.4,159.7,55.4,56.7,112.4,163.3,227.5
ARGENTINA,SAN LUIS AERO,87436,mm,1983,1984,1975,1979,1974,1979,1985,1983,1982,1967,1988,1976
ARGENTINA,SAN LUIS AERO,87436,mm,30,30,30,30,30,30,30,30,30,30,30,30
ARGENTINA,VILLA REYNOLDS AERO,87448,mm,114.9,81.9,96.1,43.3,20.6,13.3,16.5,15.8,28.1,58.6,81.2,112.2
ARGENTINA,VILLA REYNOLDS AERO,87448,mm,36.4,14,14.5,0,120,0,0,0,0,5,11,26.4
